fixIdx,time,lat,lng,alt,tickLead,tickRace,zoneIdx,legIdx,togo,area
14,2019-07-12T13:28:29Z,43.82975000,16.64240000,0.00,4077.18861622403,4077.18861622403,1,0,16.731,
15,2019-07-12T13:28:33Z,43.82970000,16.64236667,0.00,4081.18861622403,4081.18861622403,2,0,16.73,
16,2019-07-12T13:28:37Z,43.82955000,16.64226667,0.00,4085.18861622403,4085.18861622403,3,0,16.724,
17,2019-07-12T13:28:41Z,43.82938333,16.64216667,0.00,4089.18861622403,4089.18861622403,4,0,16.718,
18,2019-07-12T13:28:46Z,43.82918333,16.64215000,0.00,4094.18861622403,4094.18861622403,5,0,16.704,
19,2019-07-12T13:28:50Z,43.82890000,16.64238333,0.00,4098.18861622403,4098.18861622403,6,0,16.669,
20,2019-07-12T13:28:54Z,43.82873333,16.64278333,0.00,4102.18861622403,4102.18861622403,7,0,16.633,
21,2019-07-12T13:28:59Z,43.82846667,16.64316667,0.00,4107.18861622403,4107.18861622403,8,0,16.59,
22,2019-07-12T13:29:04Z,43.82816667,16.64350000,0.00,4112.18861622403,4112.18861622403,9,0,16.548,
23,2019-07-12T13:29:08Z,43.82811667,16.64385000,0.00,4116.18861622403,4116.18861622403,10,0,16.524,
24,2019-07-12T13:29:12Z,43.82806667,16.64436667,0.00,4120.18861622403,4120.18861622403,11,0,16.489,
25,2019-07-12T13:29:17Z,43.82798333,16.64483333,0.00,4125.18861622403,4125.18861622403,12,0,16.455,
26,2019-07-12T13:29:22Z,43.82776667,16.64503333,0.00,4130.18861622403,4130.18861622403,13,0,16.427,
27,2019-07-12T13:29:27Z,43.82755000,16.64516667,0.00,4135.18861622403,4135.18861622403,14,0,16.403,
28,2019-07-12T13:29:31Z,43.82738333,16.64525000,0.00,4139.18861622403,4139.18861622403,15,0,16.385,
29,2019-07-12T13:29:36Z,43.82718333,16.64545000,0.00,4144.18861622403,4144.18861622403,16,0,16.359,
30,2019-07-12T13:29:40Z,43.82700000,16.64561667,0.00,4148.18861622403,4148.18861622403,17,0,16.335,
31,2019-07-12T13:29:45Z,43.82685000,16.64586667,0.00,4153.18861622403,4153.18861622403,18,0,16.309,
32,2019-07-12T13:29:49Z,43.82668333,16.64606667,0.00,4157.18861622403,4157.18861622403,19,0,16.285,
33,2019-07-12T13:29:53Z,43.82660000,16.64620000,0.00,4161.18861622403,4161.18861622403,20,0,16.271,
34,2019-07-12T13:29:57Z,43.82641667,16.64636667,0.00,4165.18861622403,4165.18861622403,21,0,16.247,
35,2019-07-12T13:30:02Z,43.82620000,16.64650000,0.00,4170.18861622403,4170.18861622403,22,0,16.223,
36,2019-07-12T13:30:06Z,43.82608333,16.64663333,0.00,4174.18861622403,4174.18861622403,23,0,16.207,
37,2019-07-12T13:30:11Z,43.82595000,16.64686667,0.00,4179.18861622403,4179.18861622403,24,0,16.183,
38,2019-07-12T13:30:16Z,43.82573333,16.64695000,0.00,4184.18861622403,4184.18861622403,25,0,16.162,
39,2019-07-12T13:30:20Z,43.82568333,16.64663333,0.00,4188.18861622403,4188.18861622403,26,0,16.178,
40,2019-07-12T13:30:24Z,43.82593333,16.64606667,0.00,4192.18861622403,4192.18861622403,27,0,16.231,
41,2019-07-12T13:30:28Z,43.82616667,16.64566667,0.00,4196.18861622403,4196.18861622403,28,0,16.272,
42,2019-07-12T13:30:33Z,43.82653333,16.64516667,0.00,4201.18861622403,4201.18861622403,29,0,16.329,
43,2019-07-12T13:30:37Z,43.82681667,16.64476667,0.00,4205.18861622403,4205.18861622403,30,0,16.374,
44,2019-07-12T13:30:42Z,43.82720000,16.64446667,0.00,4210.18861622403,4210.18861622403,31,0,16.42,
45,2019-07-12T13:30:46Z,43.82748333,16.64435000,0.00,4214.18861622403,4214.18861622403,32,0,16.447,
46,2019-07-12T13:30:51Z,43.82776667,16.64406667,0.00,4219.18861622403,4219.18861622403,33,0,16.485,
47,2019-07-12T13:30:55Z,43.82798333,16.64390000,0.00,4223.18861622403,4223.18861622403,34,0,16.511,
48,2019-07-12T13:31:00Z,43.82821667,16.64355000,0.00,4228.18861622403,4228.18861622403,35,0,16.549,
49,2019-07-12T13:31:04Z,43.82848333,16.64320000,0.00,4232.18861622403,4232.18861622403,36,0,16.59,
50,2019-07-12T13:31:09Z,43.82886667,16.64295000,0.00,4237.18861622403,4237.18861622403,37,0,16.633,
51,2019-07-12T13:31:14Z,43.82906667,16.64255000,0.00,4242.18861622403,4242.18861622403,38,0,16.672,
52,2019-07-12T13:31:19Z,43.82883333,16.64218333,0.00,4247.18861622403,4247.18861622403,39,0,16.677,
53,2019-07-12T13:31:24Z,43.82845000,16.64270000,0.00,4252.18861622403,4252.18861622403,40,0,16.618,
54,2019-07-12T13:31:28Z,43.82820000,16.64303333,0.00,4256.18861622403,4256.18861622403,41,0,16.579,
55,2019-07-12T13:31:33Z,43.82796667,16.64340000,0.00,4261.18861622403,4261.18861622403,42,0,16.54,
56,2019-07-12T13:31:37Z,43.82775000,16.64385000,0.00,4265.18861622403,4265.18861622403,43,0,16.497,
57,2019-07-12T13:31:42Z,43.82738333,16.64411667,0.00,4270.18861622403,4270.18861622403,44,0,16.454,
58,2019-07-12T13:31:46Z,43.82710000,16.64425000,0.00,4274.18861622403,4274.18861622403,45,0,16.426,
59,2019-07-12T13:31:51Z,43.82686667,16.64458333,0.00,4279.18861622403,4279.18861622403,46,0,16.389,
60,2019-07-12T13:31:55Z,43.82673333,16.64488333,0.00,4283.18861622403,4283.18861622403,47,0,16.361,
61,2019-07-12T13:32:00Z,43.82648333,16.64510000,0.00,4288.18861622403,4288.18861622403,48,0,16.329,
62,2019-07-12T13:32:04Z,43.82628333,16.64543333,0.00,4292.18861622403,4292.18861622403,49,0,16.295,
63,2019-07-12T13:32:09Z,43.82600000,16.64573333,0.00,4297.18861622403,4297.18861622403,50,0,16.256,
64,2019-07-12T13:32:13Z,43.82576667,16.64606667,0.00,4301.18861622403,4301.18861622403,51,0,16.219,
65,2019-07-12T13:32:18Z,43.82553333,16.64648333,0.00,4306.18861622403,4306.18861622403,52,0,16.177,
66,2019-07-12T13:32:22Z,43.82540000,16.64676667,0.00,4310.18861622403,4310.18861622403,53,0,16.15,
67,2019-07-12T13:32:27Z,43.82528333,16.64705000,0.00,4315.18861622403,4315.18861622403,54,0,16.124,
68,2019-07-12T13:32:31Z,43.82508333,16.64721667,0.00,4319.18861622403,4319.18861622403,55,0,16.099,
69,2019-07-12T13:32:35Z,43.82490000,16.64731667,0.00,4323.18861622403,4323.18861622403,56,0,16.08,
70,2019-07-12T13:32:39Z,43.82468333,16.64750000,0.00,4327.18861622403,4327.18861622403,57,0,16.054,
71,2019-07-12T13:32:44Z,43.82443333,16.64765000,0.00,4332.18861622403,4332.18861622403,58,0,16.027,
72,2019-07-12T13:32:49Z,43.82416667,16.64780000,0.00,4337.18861622403,4337.18861622403,59,0,15.999,
73,2019-07-12T13:32:53Z,43.82391667,16.64796667,0.00,4341.18861622403,4341.18861622403,60,0,15.972,
74,2019-07-12T13:32:57Z,43.82366667,16.64816667,0.00,4345.18861622403,4345.18861622403,61,0,15.942,
75,2019-07-12T13:33:02Z,43.82341667,16.64846667,0.00,4350.18861622403,4350.18861622403,62,0,15.906,
76,2019-07-12T13:33:06Z,43.82313333,16.64860000,0.00,4354.18861622403,4354.18861622403,63,0,15.878,
77,2019-07-12T13:33:11Z,43.82288333,16.64890000,0.00,4359.18861622403,4359.18861622403,64,0,15.842,
78,2019-07-12T13:33:16Z,43.82256667,16.64930000,0.00,4364.18861622403,4364.18861622403,65,0,15.796,
79,2019-07-12T13:33:20Z,43.82226667,16.64951667,0.00,4368.18861622403,4368.18861622403,66,0,15.762,
80,2019-07-12T13:33:25Z,43.82203333,16.64973333,0.00,4373.18861622403,4373.18861622403,67,0,15.733,
81,2019-07-12T13:33:29Z,43.82191667,16.64998333,0.00,4377.18861622403,4377.18861622403,68,0,15.709,
82,2019-07-12T13:33:34Z,43.82175000,16.65038333,0.00,4382.18861622403,4382.18861622403,69,0,15.672,
83,2019-07-12T13:33:39Z,43.82148333,16.65063333,0.00,4387.18861622403,4387.18861622403,70,0,15.639,
84,2019-07-12T13:33:43Z,43.82128333,16.65080000,0.00,4391.18861622403,4391.18861622403,71,0,15.615,
85,2019-07-12T13:33:48Z,43.82105000,16.65105000,0.00,4396.18861622403,4396.18861622403,72,0,15.584,
86,2019-07-12T13:33:52Z,43.82080000,16.65120000,0.00,4400.18861622403,4400.18861622403,73,0,15.558,
87,2019-07-12T13:33:57Z,43.82046667,16.65130000,0.00,4405.18861622403,4405.18861622403,74,0,15.531,
88,2019-07-12T13:34:02Z,43.82020000,16.65103333,0.00,4410.18861622403,4410.18861622403,75,0,15.533,
89,2019-07-12T13:34:06Z,43.82023333,16.65055000,0.00,4414.18861622403,4414.18861622403,76,0,15.568,
90,2019-07-12T13:34:10Z,43.82041667,16.65011667,0.00,4418.18861622403,4418.18861622403,77,0,15.608,
91,2019-07-12T13:34:15Z,43.82070000,16.64963333,0.00,4423.18861622403,4423.18861622403,78,0,15.658,
92,2019-07-12T13:34:20Z,43.82103333,16.64905000,0.00,4428.18861622403,4428.18861622403,79,0,15.717,
93,2019-07-12T13:34:25Z,43.82130000,16.64848333,0.00,4433.18861622403,4433.18861622403,80,0,15.772,
94,2019-07-12T13:34:30Z,43.82143333,16.64785000,0.00,4438.18861622403,4438.18861622403,81,0,15.823,
95,2019-07-12T13:34:35Z,43.82163333,16.64726667,0.00,4443.18861622403,4443.18861622403,82,0,15.874,
96,2019-07-12T13:34:40Z,43.82175000,16.64668333,0.00,4448.18861622403,4448.18861622403,83,0,15.921,
97,2019-07-12T13:34:44Z,43.82180000,16.64625000,0.00,4452.18861622403,4452.18861622403,84,0,15.954,
98,2019-07-12T13:34:49Z,43.82193333,16.64560000,0.00,4457.18861622403,4457.18861622403,85,0,16.006,
99,2019-07-12T13:34:53Z,43.82208333,16.64518333,0.00,4461.18861622403,4461.18861622403,86,0,16.043,
100,2019-07-12T13:34:57Z,43.82231667,16.64493333,0.00,4465.18861622403,4465.18861622403,87,0,16.074,
101,2019-07-12T13:35:01Z,43.82260000,16.64453333,0.00,4469.18861622403,4469.18861622403,88,0,16.118,
102,2019-07-12T13:35:06Z,43.82286667,16.64393333,0.00,4474.18861622403,4474.18861622403,89,0,16.174,
103,2019-07-12T13:35:10Z,43.82296667,16.64363333,0.00,4478.18861622403,4478.18861622403,90,0,16.2,
104,2019-07-12T13:35:14Z,43.82311667,16.64326667,0.00,4482.18861622403,4482.18861622403,91,0,16.234,
105,2019-07-12T13:35:19Z,43.82321667,16.64285000,0.00,4487.18861622403,4487.18861622403,92,0,16.269,
106,2019-07-12T13:35:23Z,43.82326667,16.64243333,0.00,4491.18861622403,4491.18861622403,93,0,16.3,
107,2019-07-12T13:35:28Z,43.82333333,16.64188333,0.00,4496.18861622403,4496.18861622403,94,0,16.342,
108,2019-07-12T13:35:32Z,43.82340000,16.64146667,0.00,4500.18861622403,4500.18861622403,95,0,16.375,
109,2019-07-12T13:35:36Z,43.82350000,16.64108333,0.00,4504.18861622403,4504.18861622403,96,0,16.407,
110,2019-07-12T13:35:41Z,43.82380000,16.64065000,0.00,4509.18861622403,4509.18861622403,97,0,16.454,
111,2019-07-12T13:35:45Z,43.82400000,16.64031667,0.00,4513.18861622403,4513.18861622403,98,0,16.488,
112,2019-07-12T13:35:50Z,43.82425000,16.63995000,0.00,4518.18861622403,4518.18861622403,99,0,16.528,
113,2019-07-12T13:35:54Z,43.82428333,16.63946667,0.00,4522.18861622403,4522.18861622403,100,0,16.563,
114,2019-07-12T13:35:59Z,43.82438333,16.63898333,0.00,4527.18861622403,4527.18861622403,101,0,16.602,
115,2019-07-12T13:36:04Z,43.82450000,16.63850000,0.00,4532.18861622403,4532.18861622403,102,0,16.642,
116,2019-07-12T13:36:09Z,43.82471667,16.63801667,0.00,4537.18861622403,4537.18861622403,103,0,16.688,
117,2019-07-12T13:36:13Z,43.82481667,16.63771667,0.00,4541.18861622403,4541.18861622403,104,0,16.714,
118,2019-07-12T13:36:18Z,43.82501667,16.63720000,0.00,4546.18861622403,4546.18861622403,105,0,16.761,
119,2019-07-12T13:36:23Z,43.82511667,16.63670000,0.00,4551.18861622403,4551.18861622403,106,0,16.802,
120,2019-07-12T13:36:27Z,43.82515000,16.63636667,0.00,4555.18861622403,4555.18861622403,107,0,16.827,
121,2019-07-12T13:36:32Z,43.82501667,16.63603333,0.00,4560.18861622403,4560.18861622403,108,0,16.843,
122,2019-07-12T13:36:37Z,43.82500000,16.63576667,0.00,4565.18861622403,4565.18861622403,109,0,16.861,
123,2019-07-12T13:36:42Z,43.82491667,16.63550000,0.00,4570.18861622403,4570.18861622403,110,0,16.876,
124,2019-07-12T13:36:47Z,43.82481667,16.63520000,0.00,4575.18861622403,4575.18861622403,111,0,16.892,
125,2019-07-12T13:36:51Z,43.82475000,16.63493333,0.00,4579.18861622403,4579.18861622403,112,0,16.908,
126,2019-07-12T13:36:56Z,43.82443333,16.63476667,0.00,4584.18861622403,4584.18861622403,113,0,16.904,
127,2019-07-12T13:37:01Z,43.82423333,16.63446667,0.00,4589.18861622403,4589.18861622403,114,0,16.915,
128,2019-07-12T13:37:06Z,43.82411667,16.63415000,0.00,4594.18861622403,4594.18861622403,115,0,16.933,
129,2019-07-12T13:37:10Z,43.82398333,16.63383333,0.00,4598.18861622403,4598.18861622403,116,0,16.949,
130,2019-07-12T13:37:15Z,43.82386667,16.63356667,0.00,4603.18861622403,4603.18861622403,117,0,16.963,
131,2019-07-12T13:37:19Z,43.82363333,16.63335000,0.00,4607.18861622403,4607.18861622403,118,0,16.968,
132,2019-07-12T13:37:24Z,43.82336667,16.63331667,0.00,4612.18861622403,4612.18861622403,119,0,16.959,
133,2019-07-12T13:37:28Z,43.82310000,16.63330000,0.00,4616.18861622403,4616.18861622403,120,0,16.948,
134,2019-07-12T13:37:33Z,43.82276667,16.63355000,0.00,4621.18861622403,4621.18861622403,121,0,16.915,
135,2019-07-12T13:37:38Z,43.82256667,16.63393333,0.00,4626.18861622403,4626.18861622403,122,0,16.878,
136,2019-07-12T13:37:42Z,43.82246667,16.63456667,0.00,4630.18861622403,4630.18861622403,123,0,16.827,
137,2019-07-12T13:37:47Z,43.82265000,16.63523333,0.00,4635.18861622403,4635.18861622403,124,0,16.786,
138,2019-07-12T13:37:52Z,43.82300000,16.63580000,0.00,4640.18861622403,4640.18861622403,125,0,16.76,
139,2019-07-12T13:37:56Z,43.82328333,16.63586667,0.00,4644.18861622403,4644.18861622403,126,0,16.768,
140,2019-07-12T13:38:01Z,43.82345000,16.63565000,0.00,4649.18861622403,4649.18861622403,127,0,16.792,
141,2019-07-12T13:38:05Z,43.82355000,16.63540000,0.00,4653.18861622403,4653.18861622403,128,0,16.815,
142,2019-07-12T13:38:10Z,43.82351667,16.63523333,0.00,4658.18861622403,4658.18861622403,129,0,16.825,
143,2019-07-12T13:38:15Z,43.82350000,16.63498333,0.00,4663.18861622403,4663.18861622403,130,0,16.843,
144,2019-07-12T13:38:20Z,43.82336667,16.63478333,0.00,4668.18861622403,4668.18861622403,131,0,16.851,
145,2019-07-12T13:38:24Z,43.82306667,16.63475000,0.00,4672.18861622403,4672.18861622403,132,0,16.84,
146,2019-07-12T13:38:28Z,43.82288333,16.63476667,0.00,4676.18861622403,4676.18861622403,133,0,16.831,
147,2019-07-12T13:38:32Z,43.82265000,16.63481667,0.00,4680.18861622403,4680.18861622403,134,0,16.817,
148,2019-07-12T13:38:37Z,43.82238333,16.63480000,0.00,4685.18861622403,4685.18861622403,135,0,16.806,
149,2019-07-12T13:38:42Z,43.82208333,16.63463333,0.00,4690.18861622403,4690.18861622403,136,0,16.806,
150,2019-07-12T13:38:46Z,43.82188333,16.63453333,0.00,4694.18861622403,4694.18861622403,137,0,16.805,
151,2019-07-12T13:38:50Z,43.82165000,16.63488333,0.00,4698.18861622403,4698.18861622403,138,0,16.77,
152,2019-07-12T13:38:55Z,43.82181667,16.63586667,0.00,4703.18861622403,4703.18861622403,139,0,16.703,
153,2019-07-12T13:39:00Z,43.82223333,16.63641667,0.00,4708.18861622403,4708.18861622403,140,0,16.68,
154,2019-07-12T13:39:04Z,43.82226667,16.63688333,0.00,4712.18861622403,4712.18861622403,141,0,16.648,
155,2019-07-12T13:39:09Z,43.82201667,16.63696667,0.00,4717.18861622403,4717.18861622403,142,0,16.63,
156,2019-07-12T13:39:14Z,43.82203333,16.63650000,0.00,4722.18861622403,4722.18861622403,143,0,16.665,
157,2019-07-12T13:39:18Z,43.82213333,16.63618333,0.00,4726.18861622403,4726.18861622403,144,0,16.693,
158,2019-07-12T13:39:23Z,43.82206667,16.63576667,0.00,4731.18861622403,4731.18861622403,145,0,16.721,
159,2019-07-12T13:39:27Z,43.82196667,16.63536667,0.00,4735.18861622403,4735.18861622403,146,0,16.747,
160,2019-07-12T13:39:31Z,43.82163333,16.63511667,0.00,4739.18861622403,4739.18861622403,147,0,16.752,
161,2019-07-12T13:39:35Z,43.82143333,16.63545000,0.00,4743.18861622403,4743.18861622403,148,0,16.718,
162,2019-07-12T13:39:40Z,43.82166667,16.63605000,0.00,4748.18861622403,4748.18861622403,149,0,16.683,
163,2019-07-12T13:39:44Z,43.82203333,16.63650000,0.00,4752.18861622403,4752.18861622403,150,0,16.665,
164,2019-07-12T13:39:49Z,43.82185000,16.63715000,0.00,4757.18861622403,4757.18861622403,151,0,16.61,
165,2019-07-12T13:39:53Z,43.82165000,16.63708333,0.00,4761.18861622403,4761.18861622403,152,0,16.606,
166,2019-07-12T13:39:58Z,43.82151667,16.63676667,0.00,4766.18861622403,4766.18861622403,153,0,16.624,
167,2019-07-12T13:40:02Z,43.82170000,16.63645000,0.00,4770.18861622403,4770.18861622403,154,0,16.655,
168,2019-07-12T13:40:07Z,43.82213333,16.63646667,0.00,4775.18861622403,4775.18861622403,155,0,16.672,
169,2019-07-12T13:40:11Z,43.82228333,16.63690000,0.00,4779.18861622403,4779.18861622403,156,0,16.647,
170,2019-07-12T13:40:16Z,43.82230000,16.63753333,0.00,4784.18861622403,4784.18861622403,157,0,16.601,
171,2019-07-12T13:40:20Z,43.82198333,16.63766667,0.00,4788.18861622403,4788.18861622403,158,0,16.577,
172,2019-07-12T13:40:25Z,43.82178333,16.63755000,0.00,4793.18861622403,4793.18861622403,159,0,16.577,
173,2019-07-12T13:40:30Z,43.82175000,16.63713333,0.00,4798.18861622403,4798.18861622403,160,0,16.606,
174,2019-07-12T13:40:34Z,43.82188333,16.63675000,0.00,4802.18861622403,4802.18861622403,161,0,16.64,
175,2019-07-12T13:40:38Z,43.82221667,16.63648333,0.00,4806.18861622403,4806.18861622403,162,0,16.675,
176,2019-07-12T13:40:43Z,43.82261667,16.63673333,0.00,4811.18861622403,4811.18861622403,163,0,16.674,
177,2019-07-12T13:40:47Z,43.82271667,16.63725000,0.00,4815.18861622403,4815.18861622403,164,0,16.641,
178,2019-07-12T13:40:52Z,43.82245000,16.63755000,0.00,4820.18861622403,4820.18861622403,165,0,16.607,
179,2019-07-12T13:40:56Z,43.82211667,16.63746667,0.00,4824.18861622403,4824.18861622403,166,0,16.598,
180,2019-07-12T13:41:00Z,43.82218333,16.63716667,0.00,4828.18861622403,4828.18861622403,167,0,16.623,
181,2019-07-12T13:41:05Z,43.82248333,16.63690000,0.00,4833.18861622403,4833.18861622403,168,0,16.656,
182,2019-07-12T13:41:09Z,43.82270000,16.63721667,0.00,4837.18861622403,4837.18861622403,169,0,16.643,
183,2019-07-12T13:41:14Z,43.82250000,16.63771667,0.00,4842.18861622403,4842.18861622403,170,0,16.597,
184,2019-07-12T13:41:20Z,43.82218333,16.63755000,0.00,4848.18861622403,4848.18861622403,171,0,16.595,
185,2019-07-12T13:41:24Z,43.82223333,16.63723333,0.00,4852.18861622403,4852.18861622403,172,0,16.62,
186,2019-07-12T13:41:29Z,43.82260000,16.63693333,0.00,4857.18861622403,4857.18861622403,173,0,16.659,
187,2019-07-12T13:41:34Z,43.82288333,16.63740000,0.00,4862.18861622403,4862.18861622403,174,0,16.638,
188,2019-07-12T13:41:38Z,43.82270000,16.63768333,0.00,4866.18861622403,4866.18861622403,175,0,16.609,
189,2019-07-12T13:41:42Z,43.82245000,16.63773333,0.00,4870.18861622403,4870.18861622403,176,0,16.594,
190,2019-07-12T13:41:47Z,43.82245000,16.63738333,0.00,4875.18861622403,4875.18861622403,177,0,16.619,
191,2019-07-12T13:41:52Z,43.82278333,16.63731667,0.00,4880.18861622403,4880.18861622403,178,0,16.64,
192,2019-07-12T13:41:57Z,43.82296667,16.63780000,0.00,4885.18861622403,4885.18861622403,179,0,16.613,
193,2019-07-12T13:42:01Z,43.82265000,16.63800000,0.00,4889.18861622403,4889.18861622403,180,0,16.584,
194,2019-07-12T13:42:06Z,43.82241667,16.63775000,0.00,4894.18861622403,4894.18861622403,181,0,16.591,
195,2019-07-12T13:42:10Z,43.82260000,16.63751667,0.00,4898.18861622403,4898.18861622403,182,0,16.616,
196,2019-07-12T13:42:14Z,43.82293333,16.63761667,0.00,4902.18861622403,4902.18861622403,183,0,16.625,
197,2019-07-12T13:42:18Z,43.82313333,16.63801667,0.00,4906.18861622403,4906.18861622403,184,0,16.606,
198,2019-07-12T13:42:23Z,43.82293333,16.63881667,0.00,4911.18861622403,4911.18861622403,185,0,16.538,
199,2019-07-12T13:42:27Z,43.82273333,16.63918333,0.00,4915.18861622403,4915.18861622403,186,0,16.502,
200,2019-07-12T13:42:31Z,43.82251667,16.63961667,0.00,4919.18861622403,4919.18861622403,187,0,16.46,
201,2019-07-12T13:42:35Z,43.82225000,16.63976667,0.00,4923.18861622403,4923.18861622403,188,0,16.437,
202,2019-07-12T13:42:40Z,43.82206667,16.63960000,0.00,4928.18861622403,4928.18861622403,189,0,16.44,
203,2019-07-12T13:42:44Z,43.82211667,16.63935000,0.00,4932.18861622403,4932.18861622403,190,0,16.46,
204,2019-07-12T13:42:49Z,43.82233333,16.63921667,0.00,4937.18861622403,4937.18861622403,191,0,16.48,
205,2019-07-12T13:42:54Z,43.82270000,16.63920000,0.00,4942.18861622403,4942.18861622403,192,0,16.499,
206,2019-07-12T13:42:58Z,43.82300000,16.63930000,0.00,4946.18861622403,4946.18861622403,193,0,16.507,
207,2019-07-12T13:43:03Z,43.82331667,16.63968333,0.00,4951.18861622403,4951.18861622403,194,0,16.496,
208,2019-07-12T13:43:08Z,43.82348333,16.64025000,0.00,4956.18861622403,4956.18861622403,195,0,16.465,
209,2019-07-12T13:43:13Z,43.82320000,16.64070000,0.00,4961.18861622403,4961.18861622403,196,0,16.418,
210,2019-07-12T13:43:17Z,43.82290000,16.64083333,0.00,4965.18861622403,4965.18861622403,197,0,16.393,
211,2019-07-12T13:43:22Z,43.82261667,16.64078333,0.00,4970.18861622403,4970.18861622403,198,0,16.382,
212,2019-07-12T13:43:26Z,43.82251667,16.64055000,0.00,4974.18861622403,4974.18861622403,199,0,16.393,
213,2019-07-12T13:43:30Z,43.82251667,16.64028333,0.00,4978.18861622403,4978.18861622403,200,0,16.412,
214,2019-07-12T13:43:34Z,43.82280000,16.64016667,0.00,4982.18861622403,4982.18861622403,201,0,16.435,
215,2019-07-12T13:43:39Z,43.82315000,16.64018333,0.00,4987.18861622403,4987.18861622403,202,0,16.452,
216,2019-07-12T13:43:44Z,43.82360000,16.64045000,0.00,4992.18861622403,4992.18861622403,203,0,16.457,
217,2019-07-12T13:43:48Z,43.82403333,16.64070000,0.00,4996.18861622403,4996.18861622403,204,0,16.463,
218,2019-07-12T13:43:53Z,43.82435000,16.64056667,0.00,5001.18861622403,5001.18861622403,205,0,16.491,
219,2019-07-12T13:43:57Z,43.82453333,16.64036667,0.00,5005.18861622403,5005.18861622403,206,0,16.515,
220,2019-07-12T13:44:02Z,43.82456667,16.63998333,0.00,5010.18861622403,5010.18861622403,207,0,16.543,
221,2019-07-12T13:44:06Z,43.82453333,16.63973333,0.00,5014.18861622403,5014.18861622403,208,0,16.558,
222,2019-07-12T13:44:10Z,43.82441667,16.63951667,0.00,5018.18861622403,5018.18861622403,209,0,16.567,
223,2019-07-12T13:44:15Z,43.82415000,16.63938333,0.00,5023.18861622403,5023.18861622403,210,0,16.561,
224,2019-07-12T13:44:20Z,43.82391667,16.63933333,0.00,5028.18861622403,5028.18861622403,211,0,16.552,
225,2019-07-12T13:44:25Z,43.82368333,16.63926667,0.00,5033.18861622403,5033.18861622403,212,0,16.545,
226,2019-07-12T13:44:30Z,43.82346667,16.63915000,0.00,5038.18861622403,5038.18861622403,213,0,16.542,
227,2019-07-12T13:44:34Z,43.82333333,16.63901667,0.00,5042.18861622403,5042.18861622403,214,0,16.544,
228,2019-07-12T13:44:39Z,43.82335000,16.63863333,0.00,5047.18861622403,5047.18861622403,215,0,16.572,
229,2019-07-12T13:44:43Z,43.82336667,16.63833333,0.00,5051.18861622403,5051.18861622403,216,0,16.595,
230,2019-07-12T13:44:47Z,43.82341667,16.63806667,0.00,5055.18861622403,5055.18861622403,217,0,16.616,
231,2019-07-12T13:44:51Z,43.82343333,16.63783333,0.00,5059.18861622403,5059.18861622403,218,0,16.634,
232,2019-07-12T13:44:56Z,43.82341667,16.63750000,0.00,5064.18861622403,5064.18861622403,219,0,16.657,
233,2019-07-12T13:45:01Z,43.82331667,16.63718333,0.00,5069.18861622403,5069.18861622403,220,0,16.675,
234,2019-07-12T13:45:06Z,43.82320000,16.63693333,0.00,5074.18861622403,5074.18861622403,221,0,16.687,
235,2019-07-12T13:45:10Z,43.82311667,16.63661667,0.00,5078.18861622403,5078.18861622403,222,0,16.706,
236,2019-07-12T13:45:14Z,43.82305000,16.63630000,0.00,5082.18861622403,5082.18861622403,223,0,16.726,
237,2019-07-12T13:45:19Z,43.82308333,16.63585000,0.00,5087.18861622403,5087.18861622403,224,0,16.76,
238,2019-07-12T13:45:23Z,43.82315000,16.63553333,0.00,5091.18861622403,5091.18861622403,225,0,16.787,
239,2019-07-12T13:45:28Z,43.82330000,16.63513333,0.00,5096.18861622403,5096.18861622403,226,0,16.823,
240,2019-07-12T13:45:32Z,43.82343333,16.63483333,0.00,5100.18861622403,5100.18861622403,227,0,16.851,
241,2019-07-12T13:45:37Z,43.82355000,16.63451667,0.00,5105.18861622403,5105.18861622403,228,0,16.879,
242,2019-07-12T13:45:41Z,43.82360000,16.63426667,0.00,5109.18861622403,5109.18861622403,229,0,16.9,
243,2019-07-12T13:45:45Z,43.82358333,16.63405000,0.00,5113.18861622403,5113.18861622403,230,0,16.915,
244,2019-07-12T13:45:50Z,43.82351667,16.63378333,0.00,5118.18861622403,5118.18861622403,231,0,16.931,
245,2019-07-12T13:45:54Z,43.82348333,16.63355000,0.00,5122.18861622403,5122.18861622403,232,0,16.947,
246,2019-07-12T13:45:59Z,43.82336667,16.63331667,0.00,5127.18861622403,5127.18861622403,233,0,16.959,
247,2019-07-12T13:46:03Z,43.82341667,16.63315000,0.00,5131.18861622403,5131.18861622403,234,0,16.973,
248,2019-07-12T13:46:07Z,43.82346667,16.63303333,0.00,5135.18861622403,5135.18861622403,235,0,16.984,
249,2019-07-12T13:46:12Z,43.82360000,16.63281667,0.00,5140.18861622403,5140.18861622403,236,0,17.006,
250,2019-07-12T13:46:16Z,43.82370000,16.63268333,0.00,5144.18861622403,5144.18861622403,237,0,17.02,
251,2019-07-12T13:46:21Z,43.82381667,16.63255000,0.00,5149.18861622403,5149.18861622403,238,0,17.035,
252,2019-07-12T13:46:26Z,43.82386667,16.63236667,0.00,5154.18861622403,5154.18861622403,239,0,17.051,
253,2019-07-12T13:46:30Z,43.82390000,16.63223333,0.00,5158.18861622403,5158.18861622403,240,0,17.062,
254,2019-07-12T13:46:35Z,43.82391667,16.63201667,0.00,5163.18861622403,5163.18861622403,241,0,17.079,
255,2019-07-12T13:46:40Z,43.82393333,16.63181667,0.00,5168.18861622403,5168.18861622403,242,0,17.094,
256,2019-07-12T13:46:44Z,43.82395000,16.63161667,0.00,5172.18861622403,5172.18861622403,243,0,17.11,
257,2019-07-12T13:46:49Z,43.82396667,16.63138333,0.00,5177.18861622403,5177.18861622403,244,0,17.128,
258,2019-07-12T13:46:54Z,43.82398333,16.63120000,0.00,5182.18861622403,5182.18861622403,245,0,17.142,
259,2019-07-12T13:46:58Z,43.82400000,16.63103333,0.00,5186.18861622403,5186.18861622403,246,0,17.155,
260,2019-07-12T13:47:03Z,43.82403333,16.63080000,0.00,5191.18861622403,5191.18861622403,247,0,17.173,
261,2019-07-12T13:47:07Z,43.82403333,16.63061667,0.00,5195.18861622403,5195.18861622403,248,0,17.187,
262,2019-07-12T13:47:12Z,43.82416667,16.63040000,0.00,5200.18861622403,5200.18861622403,249,0,17.209,
263,2019-07-12T13:47:16Z,43.82428333,16.63026667,0.00,5204.18861622403,5204.18861622403,250,0,17.224,
264,2019-07-12T13:47:20Z,43.82435000,16.63016667,0.00,5208.18861622403,5208.18861622403,251,0,17.234,
265,2019-07-12T13:47:24Z,43.82440000,16.62993333,0.00,5212.18861622403,5212.18861622403,252,0,17.253,
266,2019-07-12T13:47:29Z,43.82456667,16.62978333,0.00,5217.18861622403,5217.18861622403,253,0,17.272,
267,2019-07-12T13:47:34Z,43.82478333,16.62973333,0.00,5222.18861622403,5222.18861622403,254,0,17.285,
268,2019-07-12T13:47:38Z,43.82498333,16.62973333,0.00,5226.18861622403,5226.18861622403,255,0,17.294,
269,2019-07-12T13:47:43Z,43.82486667,16.62941667,0.00,5231.18861622403,5231.18861622403,256,0,17.312,
270,2019-07-12T13:47:47Z,43.82468333,16.62935000,0.00,5235.18861622403,5235.18861622403,257,0,17.309,
271,2019-07-12T13:47:51Z,43.82445000,16.62951667,0.00,5239.18861622403,5239.18861622403,258,0,17.286,
272,2019-07-12T13:47:56Z,43.82403333,16.63071667,0.00,5244.18861622403,5244.18861622403,259,0,17.18,
273,2019-07-12T13:48:00Z,43.82388333,16.63150000,0.00,5248.18861622403,5248.18861622403,260,0,17.115,
274,2019-07-12T13:48:04Z,43.82363333,16.63221667,0.00,5252.18861622403,5252.18861622403,261,0,17.051,
275,2019-07-12T13:48:09Z,43.82336667,16.63300000,0.00,5257.18861622403,5257.18861622403,262,0,16.982,
276,2019-07-12T13:48:13Z,43.82318333,16.63365000,0.00,5261.18861622403,5261.18861622403,263,0,16.926,
277,2019-07-12T13:48:18Z,43.82291667,16.63438333,0.00,5266.18861622403,5266.18861622403,264,0,16.86,
278,2019-07-12T13:48:23Z,43.82263333,16.63516667,0.00,5271.18861622403,5271.18861622403,265,0,16.79,
279,2019-07-12T13:48:28Z,43.82236667,16.63586667,0.00,5276.18861622403,5276.18861622403,266,0,16.727,
280,2019-07-12T13:48:32Z,43.82211667,16.63650000,0.00,5280.18861622403,5280.18861622403,267,0,16.669,
281,2019-07-12T13:48:36Z,43.82185000,16.63706667,0.00,5284.18861622403,5284.18861622403,268,0,16.616,
282,2019-07-12T13:48:41Z,43.82153333,16.63785000,0.00,5289.18861622403,5289.18861622403,269,0,16.544,
283,2019-07-12T13:48:45Z,43.82130000,16.63845000,0.00,5293.18861622403,5293.18861622403,270,0,16.49,
284,2019-07-12T13:48:49Z,43.82113333,16.63908333,0.00,5297.18861622403,5297.18861622403,271,0,16.436,
285,2019-07-12T13:48:54Z,43.82088333,16.63988333,0.00,5302.18861622403,5302.18861622403,1,1,16.366,
286,2019-07-12T13:48:59Z,43.82066667,16.64066667,0.00,5307.18861622403,5307.18861622403,2,1,16.298,
287,2019-07-12T13:49:03Z,43.82050000,16.64113333,0.00,5311.18861622403,5311.18861622403,3,1,16.257,
288,2019-07-12T13:49:07Z,43.82025000,16.64160000,0.00,5315.18861622403,5315.18861622403,4,1,16.211,
289,2019-07-12T13:49:12Z,43.82001667,16.64223333,0.00,5320.18861622403,5320.18861622403,5,1,16.155,
290,2019-07-12T13:49:17Z,43.81970000,16.64295000,0.00,5325.18861622403,5325.18861622403,6,1,16.088,
291,2019-07-12T13:49:21Z,43.81940000,16.64336667,0.00,5329.18861622403,5329.18861622403,7,1,16.045,
292,2019-07-12T13:49:26Z,43.81906667,16.64370000,0.00,5334.18861622403,5334.18861622403,8,1,16.006,
293,2019-07-12T13:49:30Z,43.81878333,16.64400000,0.00,5338.18861622403,5338.18861622403,9,1,15.973,
294,2019-07-12T13:49:35Z,43.81855000,16.64443333,0.00,5343.18861622403,5343.18861622403,10,1,15.931,
295,2019-07-12T13:49:39Z,43.81833333,16.64480000,0.00,5347.18861622403,5347.18861622403,11,1,15.895,
296,2019-07-12T13:49:44Z,43.81808333,16.64523333,0.00,5352.18861622403,5352.18861622403,12,1,15.853,
297,2019-07-12T13:49:48Z,43.81781667,16.64560000,0.00,5356.18861622403,5356.18861622403,13,1,15.815,
298,2019-07-12T13:49:53Z,43.81750000,16.64600000,0.00,5361.18861622403,5361.18861622403,14,1,15.774,
299,2019-07-12T13:49:57Z,43.81723333,16.64636667,0.00,5365.18861622403,5365.18861622403,15,1,15.737,
300,2019-07-12T13:50:01Z,43.81686667,16.64675000,0.00,5369.18861622403,5369.18861622403,16,1,15.695,
301,2019-07-12T13:50:05Z,43.81658333,16.64705000,0.00,5373.18861622403,5373.18861622403,17,1,15.663,
302,2019-07-12T13:50:10Z,43.81621667,16.64733333,0.00,5378.18861622403,5378.18861622403,18,1,15.63,
303,2019-07-12T13:50:15Z,43.81586667,16.64733333,0.00,5383.18861622403,5383.18861622403,19,1,15.62,
304,2019-07-12T13:50:19Z,43.81556667,16.64728333,0.00,5387.18861622403,5387.18861622403,20,1,15.617,
305,2019-07-12T13:50:24Z,43.81518333,16.64738333,0.00,5392.18861622403,5392.18861622403,21,1,15.6,
306,2019-07-12T13:50:29Z,43.81478333,16.64741667,0.00,5397.18861622403,5397.18861622403,22,1,15.589,
307,2019-07-12T13:50:33Z,43.81450000,16.64745000,0.00,5401.18861622403,5401.18861622403,23,1,15.581,
308,2019-07-12T13:50:37Z,43.81420000,16.64745000,0.00,5405.18861622403,5405.18861622403,24,1,15.576,
309,2019-07-12T13:50:42Z,43.81378333,16.64741667,0.00,5410.18861622403,5410.18861622403,25,1,15.572,
310,2019-07-12T13:50:46Z,43.81348333,16.64733333,0.00,5414.18861622403,5414.18861622403,26,1,15.575,
311,2019-07-12T13:50:50Z,43.81316667,16.64723333,0.00,5418.18861622403,5418.18861622403,27,1,15.58,
312,2019-07-12T13:50:55Z,43.81278333,16.64721667,0.00,5423.18861622403,5423.18861622403,28,1,15.578,
313,2019-07-12T13:50:59Z,43.81250000,16.64716667,0.00,5427.18861622403,5427.18861622403,29,1,15.581,
314,2019-07-12T13:51:03Z,43.81218333,16.64710000,0.00,5431.18861622403,5431.18861622403,30,1,15.585,
315,2019-07-12T13:51:08Z,43.81181667,16.64700000,0.00,5436.18861622403,5436.18861622403,31,1,15.593,
316,2019-07-12T13:51:12Z,43.81155000,16.64680000,0.00,5440.18861622403,5440.18861622403,32,1,15.609,
317,2019-07-12T13:51:17Z,43.81116667,16.64661667,0.00,5445.18861622403,5445.18861622403,33,1,15.626,
318,2019-07-12T13:51:21Z,43.81086667,16.64650000,0.00,5449.18861622403,5449.18861622403,34,1,15.637,
319,2019-07-12T13:51:26Z,43.81053333,16.64641667,0.00,5454.18861622403,5454.18861622403,35,1,15.646,
320,2019-07-12T13:51:31Z,43.81023333,16.64623333,0.00,5459.18861622403,5459.18861622403,36,1,15.663,
321,2019-07-12T13:51:35Z,43.81006667,16.64605000,0.00,5463.18861622403,5463.18861622403,37,1,15.68,
322,2019-07-12T13:51:40Z,43.80985000,16.64578333,0.00,5468.18861622403,5468.18861622403,38,1,15.704,
323,2019-07-12T13:51:45Z,43.80958333,16.64555000,0.00,5473.18861622403,5473.18861622403,39,1,15.726,
324,2019-07-12T13:51:50Z,43.80931667,16.64541667,0.00,5478.18861622403,5478.18861622403,40,1,15.741,
325,2019-07-12T13:51:54Z,43.80906667,16.64535000,0.00,5482.18861622403,5482.18861622403,41,1,15.751,
326,2019-07-12T13:51:59Z,43.80871667,16.64526667,0.00,5487.18861622403,5487.18861622403,42,1,15.764,
327,2019-07-12T13:52:03Z,43.80846667,16.64520000,0.00,5491.18861622403,5491.18861622403,43,1,15.774,
328,2019-07-12T13:52:08Z,43.80820000,16.64500000,0.00,5496.18861622403,5496.18861622403,44,1,15.796,
329,2019-07-12T13:52:12Z,43.80798333,16.64486667,0.00,5500.18861622403,5500.18861622403,45,1,15.811,
330,2019-07-12T13:52:16Z,43.80780000,16.64470000,0.00,5504.18861622403,5504.18861622403,46,1,15.829,
331,2019-07-12T13:52:21Z,43.80760000,16.64445000,0.00,5509.18861622403,5509.18861622403,47,1,15.853,
332,2019-07-12T13:52:26Z,43.80743333,16.64415000,0.00,5514.18861622403,5514.18861622403,48,1,15.881,
333,2019-07-12T13:52:30Z,43.80728333,16.64393333,0.00,5518.18861622403,5518.18861622403,49,1,15.902,
334,2019-07-12T13:52:35Z,43.80710000,16.64370000,0.00,5523.18861622403,5523.18861622403,50,1,15.925,
335,2019-07-12T13:52:40Z,43.80685000,16.64348333,0.00,5528.18861622403,5528.18861622403,51,1,15.949,
336,2019-07-12T13:52:44Z,43.80665000,16.64336667,0.00,5532.18861622403,5532.18861622403,52,1,15.964,
337,2019-07-12T13:52:49Z,43.80640000,16.64315000,0.00,5537.18861622403,5537.18861622403,53,1,15.988,
338,2019-07-12T13:52:54Z,43.80615000,16.64293333,0.00,5542.18861622403,5542.18861622403,54,1,16.013,
339,2019-07-12T13:52:58Z,43.80596667,16.64286667,0.00,5546.18861622403,5546.18861622403,55,1,16.024,
340,2019-07-12T13:53:02Z,43.80581667,16.64276667,0.00,5550.18861622403,5550.18861622403,56,1,16.037,
341,2019-07-12T13:53:07Z,43.80558333,16.64258333,0.00,5555.18861622403,5555.18861622403,57,1,16.059,
342,2019-07-12T13:53:11Z,43.80551667,16.64228333,0.00,5559.18861622403,5559.18861622403,58,1,16.084,
343,2019-07-12T13:53:16Z,43.80541667,16.64193333,0.00,5564.18861622403,5564.18861622403,59,1,16.114,
344,2019-07-12T13:53:20Z,43.80531667,16.64163333,0.00,5568.18861622403,5568.18861622403,60,1,16.14,
345,2019-07-12T13:53:24Z,43.80520000,16.64138333,0.00,5572.18861622403,5572.18861622403,61,1,16.164,
346,2019-07-12T13:53:28Z,43.80508333,16.64113333,0.00,5576.18861622403,5576.18861622403,62,1,16.187,
347,2019-07-12T13:53:32Z,43.80500000,16.64086667,0.00,5580.18861622403,5580.18861622403,63,1,16.21,
348,2019-07-12T13:53:37Z,43.80490000,16.64058333,0.00,5585.18861622403,5585.18861622403,64,1,16.235,
349,2019-07-12T13:53:41Z,43.80476667,16.64038333,0.00,5589.18861622403,5589.18861622403,65,1,16.255,
350,2019-07-12T13:53:46Z,43.80470000,16.64016667,0.00,5594.18861622403,5594.18861622403,66,1,16.274,
351,2019-07-12T13:53:51Z,43.80461667,16.63981667,0.00,5599.18861622403,5599.18861622403,67,1,16.303,
352,2019-07-12T13:53:55Z,43.80460000,16.63958333,0.00,5603.18861622403,5603.18861622403,68,1,16.322,
353,2019-07-12T13:54:00Z,43.80453333,16.63928333,0.00,5608.18861622403,5608.18861622403,69,1,16.347,
354,2019-07-12T13:54:05Z,43.80450000,16.63895000,0.00,5613.18861622403,5613.18861622403,70,1,16.373,
355,2019-07-12T13:54:10Z,43.80445000,16.63866667,0.00,5618.18861622403,5618.18861622403,71,1,16.397,
356,2019-07-12T13:54:14Z,43.80421667,16.63860000,0.00,5622.18861622403,5622.18861622403,72,1,16.41,
357,2019-07-12T13:54:19Z,43.80386667,16.63878333,0.00,5627.18861622403,5627.18861622403,73,1,16.409,
358,2019-07-12T13:54:23Z,43.80358333,16.63941667,0.00,5631.18861622403,5631.18861622403,74,1,16.373,
359,2019-07-12T13:54:28Z,43.80368333,16.64015000,0.00,5636.18861622403,5636.18861622403,75,1,16.314,
360,2019-07-12T13:54:32Z,43.80386667,16.64071667,0.00,5640.18861622403,5640.18861622403,76,1,16.264,
361,2019-07-12T13:54:37Z,43.80405000,16.64158333,0.00,5645.18861622403,5645.18861622403,77,1,16.192,
362,2019-07-12T13:54:41Z,43.80395000,16.64215000,0.00,5649.18861622403,5649.18861622403,78,1,16.154,
363,2019-07-12T13:54:45Z,43.80368333,16.64243333,0.00,5653.18861622403,5653.18861622403,79,1,16.144,
364,2019-07-12T13:54:50Z,43.80341667,16.64233333,0.00,5658.18861622403,5658.18861622403,80,1,16.163,
365,2019-07-12T13:54:55Z,43.80346667,16.64198333,0.00,5663.18861622403,5663.18861622403,81,1,16.187,
366,2019-07-12T13:55:00Z,43.80378333,16.64171667,0.00,5668.18861622403,5668.18861622403,82,1,16.193,
367,2019-07-12T13:55:04Z,43.80411667,16.64160000,0.00,5672.18861622403,5672.18861622403,83,1,16.188,
368,2019-07-12T13:55:08Z,43.80425000,16.64130000,0.00,5676.18861622403,5676.18861622403,84,1,16.205,
369,2019-07-12T13:55:13Z,43.80420000,16.64098333,0.00,5681.18861622403,5681.18861622403,85,1,16.231,
370,2019-07-12T13:55:17Z,43.80398333,16.64100000,0.00,5685.18861622403,5685.18861622403,86,1,16.238,
371,2019-07-12T13:55:22Z,43.80370000,16.64131667,0.00,5690.18861622403,5690.18861622403,87,1,16.226,
372,2019-07-12T13:55:27Z,43.80338333,16.64145000,0.00,5695.18861622403,5695.18861622403,88,1,16.23,
373,2019-07-12T13:55:31Z,43.80315000,16.64148333,0.00,5699.18861622403,5699.18861622403,89,1,16.238,
374,2019-07-12T13:55:36Z,43.80288333,16.64140000,0.00,5704.18861622403,5704.18861622403,90,1,16.256,
375,2019-07-12T13:55:40Z,43.80266667,16.64141667,0.00,5708.18861622403,5708.18861622403,91,1,16.265,
376,2019-07-12T13:55:45Z,43.80238333,16.64136667,0.00,5713.18861622403,5713.18861622403,92,1,16.282,
377,2019-07-12T13:55:49Z,43.80221667,16.64136667,0.00,5717.18861622403,5717.18861622403,93,1,16.29,
378,2019-07-12T13:55:54Z,43.80211667,16.64136667,0.00,5722.18861622403,5722.18861622403,94,1,16.295,
379,2019-07-12T13:55:58Z,43.80210000,16.64140000,0.00,5726.18861622403,5726.18861622403,95,1,16.293,
380,2019-07-12T13:56:03Z,43.80211667,16.64140000,0.00,5731.18861622403,5731.18861622403,96,1,16.292,
381,2019-07-12T13:56:07Z,43.80213333,16.64138333,0.00,5735.18861622403,5735.18861622403,97,1,16.293,
382,2019-07-12T13:56:12Z,43.80213333,16.64138333,0.00,5740.18861622403,5740.18861622403,98,1,16.293,
